adm3_en,adm2_en,num_map_tank,num_tank,asc_map_dad,asc_dad,asc_func,asc_damaged,asc_nonfunc,asc_pop,asc_fam,asc_pop_func,asc_pop_damaged,asc_pop_nonfunc,asc_fam_func,asc_fam_damaged,asc_cas,asc_tank_irri,asc_tank_agri,asc_tank_agri_day,asc_tank_agri_com,asc_tank_agri_day_com,asc_reno,asc_breached,asc_needreno,asc_good,asc_bundreha,asc_sluice,asc_sluice2,asc_spill,asc_spill2,asc_length1,asc_length2,asc_length3,asc_length4,asc_length5
,,7,7,,73.469391,8.1632652,18.367348,91.836739,1342,747,2.6612732,31.935278,97.33873,1.338688,37.865749,0,2.0408163,4.0816326,4.0816326,0,0,18.367348,0,18.367348,32.653061,0,18.367348,2.0408163,18.367348,0,0.081632659,0.18367347,0,0.081632659,0
,,8,6,76.5625,100,2.7777777,44.444443,97.222221,125,108,0,66.666664,100,0,41.975307,0,5.5555553,8.333333,2.7777777,2.7777777,2.7777777,0,44.444443,100,0,,11.111111,0,25,2.7777777,0.75,0,0,0.083333336,0
Addalaichenai,Ampara,2,0,25,,,,,0,0,,,,,,,,,,,,,,,,,,,,,,,,,
Akkaraipattu,Ampara,3,1,100,100,100,0,0,30,30,100,0,0,100,0,0,0,100,0,0,0,0,100,100,0,,100,0,100,0,1.3333334,0,0.33333334,0,0
Alayadivembu,Ampara,4,3,100,100,11.111111,0,88.888893,0,22,,,,33.333332,0,0,22.222221,22.222221,0,0,11.111111,11.111111,100,100,0,0,11.111111,11.111111,100,11.111111,0.083333336,0,0.083333336,0.33333334,0
Ampara,Ampara,10,1,100,100,100,0,0,0,0,,,,,,100,100,100,0,0,0,0,0,100,0,,100,0,100,0,8.1000004,0,0.1,0,0
Damana,Ampara,51,6,9.8423681,44.444443,69.444443,2.7777777,30.555553,476,163,70.378151,2.5910366,29.621849,42.43354,8.1799593,2.7777777,5.5555553,5.5555553,8.333333,0,2.7777777,44.444443,0,100,2.7777777,0,69.444443,2.7777777,69.444443,0,6.6176472,0,0.003267974,0.052287582,0.003267974
Dehiattakandiya,Ampara,30,1,64,100,100,0,0,1170,234,100,0,0,100,0,0,0,0,100,0,0,0,0,100,0,,0,0,100,0,28.033333,0,0,0.033333335,0
Irakkamam,Ampara,5,3,100,100,44.444443,11.111111,55.555557,185,205,57.657658,4.5045047,42.342342,52.03252,7.3170733,0,0,22.222221,0,0,11.111111,100,0,100,44.444443,0,100,44.444443,100,0,0.60000002,0,0.06666667,0.06666667,0
Kalmunai,Ampara,9,4,79.012344,100,25,25,75,273,107,8.2417583,41.758244,91.75824,34.112148,15.887851,0,25,25,0,0,0,0,100,100,0,,56.25,6.25,56.25,0,0.69444442,0.027777778,0.027777778,0.11111111,0
Lahugala,Ampara,123,31,5.1821003,45.889698,41.62331,8.4287205,58.37669,204,1092,55.344719,4.1271348,44.655281,38.284298,10.475009,0.10405827,1.8730489,2.6014569,0.10405827,0,0,5.098855,10.405828,50.364204,3.746098,0,30.072842,2.6014569,50.364204,0,2.3173354,0.004196171,0.031733543,0.021243116,0.006556517
Mahaoya,Ampara,71,30,53.640148,93.444443,11.111111,4,88.888893,4608,527,16.912615,0.84635419,83.087387,16.445288,0.94876659,0,0,0.33333331,0.33333331,0.11111111,1,4,32.111111,64,1.7777778,0,7.1111112,0.44444445,25,0,0.95070422,0.023004696,0.092018783,0.007511737,0.000469484
Navithanveli,Ampara,2,2,100,100,100,0,0,0,133,,,,100,0,0,0,50,0,0,0,0,100,100,0,,100,0,100,0,0,0,0,1,0
Padiyathalawa,Ampara,52,30,40.27367,53.777779,36,7.1111112,64,609,580,33.793102,11.64751,66.206894,24,14.988506,0,2,2.4444444,0.11111111,0,0,4,18.777777,69.444443,4,0,40.111111,0.11111111,64,0.11111111,0.74102563,0.051923078,0.031410258,0.002564103,0
Pottuvil,Ampara,80,58,34.515625,40.695599,20.095125,25,79.904877,223,1116,44.827587,0,55.172413,23.900011,23.342295,0,0.17835909,1.6349584,0,0.029726516,0.029726516,2.9726515,34.363853,65.665878,2.9726515,0,28.567183,1.9024971,47.562424,0.029726516,0.16896552,0.021551725,0.14568965,0.031034485,0.003448276
Sammanthurai,Ampara,1,0,100,,,,,0,0,,,,,,,,,,,,,,,,,,,,,,,,,
Tirukkovil,Ampara,94,60,74.253052,87.111115,66.694443,3.3611112,33.305557,3803,1643,64.422829,3.8710668,35.577175,66.307564,3.4479611,0,0.30555555,0.6388889,0.13888888,0.8611111,0.027777778,0.69444442,64,84.027779,0.69444442,0,61.361115,8.0277777,58.777775,0,0.21719858,0.011347518,0.21719858,0.02996454,0.001595745
Uhana,Ampara,12,5,100,100,64,4,36,0,136,,,,74.117645,1.4705882,4,4,8,0,0,4,4,16,64,4,,36,4,36,0,1.3499999,0,0,0.15000001,0
Galenbidunuwewa,Anuradhapura,196,167,87.174614,91.792458,83.936317,0.35856429,16.063681,21762,6485,89.318138,0.14638492,10.681859,89.130325,0.15881883,38.040089,0.15059701,0.1828678,0.26533759,0.017928215,0.078884147,6.6298542,1.4342571,51.633259,6.9418049,0,65.348351,24.109863,72.300903,0.22948116,0.06186606,0.001497006,0.10277405,0.12513748,0.014786754
Galnewa,Anuradhapura,98,76,61.734692,73.147507,75.415512,0.84833795,24.58449,6074,1896,74.017387,1.3601979,25.982616,79.605263,0.76754385,50.484768,0.39819944,0.45013851,0.51939058,0.017313018,0.1731302,12.621192,1.4023545,56.25,6.25,0,62.326866,21.208448,64.421745,0.2770083,0.10526316,0.002148228,0.16447368,0.090762623,0.003356606
Horowpathana,Anuradhapura,510,383,28.027681,42.266972,72.449875,1.0368876,27.550123,43435,15325,78.258713,0.81419939,21.741285,80.002113,0.60996938,12.982568,0.083850868,0.11452801,0.092031434,0.006135429,0.006817143,6.4142504,1.5706699,38.291214,7.5159011,0,51.180386,12.795096,47.512764,0.082487442,0.21097119,0.005242411,0.090559565,0.064219527,0.004607587
Ipalogama,Anuradhapura,88,49,88.959198,88.129944,80.633072,0.37484381,19.366928,8333,1359,88.826088,0.056573693,11.173913,88.077972,0.099112488,8.1632652,0.83298624,0.87463558,0.87463558,0,0.12494794,7.038734,2.0408163,42.648895,13.494378,0,80.633072,20.158268,88.129944,0.37484381,0.42880332,0.014842301,0.07513915,0.033395175,0.011363637
Kahatagasdigiliya,Anuradhapura,326,295,67.079117,71.245041,81.917839,0.45963806,18.082159,24363,11963,86.730324,0.2496144,13.269677,87.376274,0.20911936,31.664465,0.088480324,0.11950589,0.15857513,0.008043665,0.039069235,6.6371732,2.8727376,56.122952,5.7925882,0,62.383221,21.253664,61.316864,0.77678829,0.055412289,0.005032755,0.10607258,0.099864826,0.010647811
Kebithigollewa,Anuradhapura,296,219,32.984844,39.707264,66.806366,1.1029795,33.193634,13139,6483,75.788071,0.63066453,24.211929,76.137383,0.64798909,19.215612,0.26896852,0.27730864,0.10008131,0.010425136,0.008340109,7.2579803,4.036613,35.236961,9.926816,0,60.968285,26.154583,56.078896,0.25228831,0.20401396,0.003470937,0.063186474,0.11409354,0.003949155
Kekirawa,Anuradhapura,215,172,62.520283,75.043945,70.091942,1.6360195,29.908056,14262,7139,78.596237,0.7829392,21.403765,76.461754,1.1036657,20.56517,0.098025955,0.14196862,0.27379665,0.013520822,0.074364521,4.1407518,1.3520821,47.065983,4.627501,0,59.792458,17.522985,60.694969,0.76054621,0.17306653,0.002704165,0.073120601,0.097349912,0.004570038
Mahawilachchiya,Anuradhapura,191,153,67.566681,83.728477,84.928871,0.10679653,15.071129,11787,3599,90.585342,0.036320064,9.4146595,90.39003,0.03632091,17.497543,0.008543722,0.076893508,0.25203982,0.034174889,0.25203982,6.8349781,2.6699131,36.157032,21.534452,0,73.30941,30.864199,82.536629,0.10679653,0.082161315,0.000307977,0.1191185,0.15361188,0.005783116
Medawachchiya,Anuradhapura,406,363,69.307671,76.26149,62.075298,4.0441985,37.924702,43368,11576,66.288788,3.1370008,33.711216,66.720596,3.0366807,12.048357,0.053123269,0.090309553,0.13736159,0.01593698,0.023526018,2.2129636,2.4656787,61.210148,4.7363191,0,60.35107,14.036685,72.930664,0.17075336,0.025248002,0.002198429,0.1715385,0.12550041,0.00694812
Mihinthale,Anuradhapura,172,154,72.05246,76.846855,86.224487,0.26986,13.775514,9178,4297,91.086609,0.090561002,8.913393,90.91227,0.094297133,41.32653,0.21082813,0.24456063,0.2614269,0.008433125,0.071681567,6.7465,2.8503964,45.606342,6.4133916,0,72.360428,28.352167,77.989548,0.42165625,0.043642405,0.001359106,0.063462704,0.22968891,0.006380248
Nachchaduwa,Anuradhapura,48,44,72.960068,78.564049,91.1157,0.20661157,8.8842993,3506,970,81.46035,0.66639006,18.539648,82.661667,0.60918462,11.621901,0.36157024,0.46487603,0.56818181,0.10330579,0.56818181,1.8595042,2.5309918,34.917355,1.8595042,0,52.892563,18.646694,46.487602,0.20661157,0.13683712,0.00189394,0.047348484,0.092803031,0.011837121
Nochchiyagama,Anuradhapura,458,156,23.283787,72.686554,63.182121,1.9888231,36.817879,20449,5042,74.974266,0.46895906,25.025734,74.48967,0.4419288,4.4748521,0.032873113,0.04109139,0.15203814,0.061637081,0.31640369,5.625411,6.9074621,52.469593,5.0336952,0,56.25,9.8660421,56.25,0.065746225,1.3799686,5.59848E-05,0.045473631,0.059133913,0.005598478
Nuwaragam Palatha Central,Anuradhapura,296,265,71.905815,75.985764,58.681381,2.2783909,41.318619,21883,7549,61.810207,2.9149878,38.189793,63.046661,2.6713521,3.2808828,0.098255612,0.11676753,0.15806337,0.002847989,0.039871842,2.5119259,2.5119259,48.210751,4.6265574,0,59.843361,17.545033,61.016731,0.11534354,0.096494131,0.001032636,0.075586431,0.14595869,0.003263641
Nuwaragam Palatha East,Anuradhapura,39,1,94.937538,0,100,0,0,94,15,100,0,0,100,0,100,0,0,100,0,0,0,0,0,100,,100,100,0,0,39,0,0,0,0
Padaviya,Anuradhapura,61,44,54.420856,59.710743,66.942154,2.5309918,33.05785,3414,1425,71.848541,1.9385418,28.151461,71.196175,2.0653908,6.25,1.1363636,1.2396694,0.87809914,0,0,7.4380169,2.5309918,56.25,3.3057852,0,66.942154,1.2913222,66.942154,0.051652893,0.2328614,0.001490313,0.013412817,0.083830103,0.062965721
Palagala,Anuradhapura,155,129,71.429764,80.860519,72.711975,0.48674959,27.288025,14296,4755,80.374298,0.34942281,19.6257,79.066505,0.37267992,32.906677,0.22234242,0.27041644,0.34252751,0.018027764,0.084129564,7.3613362,0.29445347,46.535667,9.1400757,0,71.39595,15.630071,79.472389,0.7271198,0.092473119,0.007201801,0.16824207,0.054463618,0.004051013
Palugaswewa,Anuradhapura,128,2,48.345947,100,25,0,75,98,31,50,0,50,50,0,0,25,25,0,0,0,0,0,25,0,,25,0,100,0,62.015625,0,0.00390625,0.00390625,0
Rajanganaya,Anuradhapura,17,11,100,100,100,0,0,2476,539,100,0,0,100,0,0,2.4793389,2.4793389,0.82644629,3.3057852,1.6528926,13.223141,0.82644629,52.892563,3.3057852,0,40.495869,0,52.892563,0.82644629,0.19251338,0.021390375,0.19251338,0.021390375,0.005347594
Rambewa,Anuradhapura,207,198,80.739342,81.728905,85.422401,0.43107846,14.577597,22373,8982,90.713989,0.12149384,9.2860136,89.23436,0.2266036,25,0.04846444,0.1402918,0.29078665,0.0127538,0.051015198,8.5807571,2.7777777,59.710743,4.7163558,0,76.341705,27.589022,69.444443,0.20661157,0.015249109,0.000609964,0.12648222,0.18045186,0.008807886
Thalawa,Anuradhapura,126,103,77.607712,72.994621,63.380146,2.4130454,36.619854,14374,3830,75.889717,0.65706551,24.110281,73.375748,1.1680905,9.0583467,0.13196343,0.23564897,0.38646433,0.075407669,0.21679705,10.264869,2.4130454,51.61655,13.611085,0,63.380146,17.428598,61.843719,1.5929871,0.069348134,0.000693481,0.1295269,0.12328555,0.011095701
Thambuththegama,Anuradhapura,40,38,100,100,70.914124,1.1080332,29.085873,10670,6410,83.247665,0.12035713,16.752333,80.70285,0.43845963,46.814404,0.2770083,0.2770083,0.62326866,0.069252074,1.5927978,5.6094179,1.1080332,66.551247,8.3795013,0,70.914124,11.703601,84.833794,0.2770083,0.002631579,0.000657895,0.14802632,0.19013157,0.016447369
Thirappane,Anuradhapura,209,168,70.914124,79.719383,74.49334,1.4172336,25.50666,17008,5559,80.00174,0.81544256,19.998259,80.2854,0.78808278,15.904903,0.095663264,0.14172335,0.33304989,0.003543084,0.081490926,4.850482,1.8742914,59.878117,4.850482,0,68.455925,33.336876,70.440056,3.4049037,0.12032924,0.000712007,0.074077241,0.16020164,0.00481317
Badulla,Badulla,5,2,100,100,100,0,0,231,81,100,0,0,100,0,0,50,50,0,0,0,0,0,25,25,,100,0,25,0,2.5,0,0,0,0
Bandarawela,Badulla,10,6,64,69.444443,25,11.111111,75,1455,810,41.237114,5.8419247,58.762886,46.913582,0.82304525,0,8.333333,8.333333,5.5555553,0,0,2.7777777,0,69.444443,69.444443,0,69.444443,0,69.444443,0,1.35,0,0.016666668,0,0
Ella,Badulla,3,2,100,100,100,0,0,835,137,100,0,0,100,0,0,25,25,25,0,0,100,0,25,100,0,100,0,0,0,1.5,0,0,0,0
Haldummulla,Badulla,57,52,59.587566,59.1716,40.27367,8.3210058,59.72633,1468,406,51.962379,4.7356424,48.037621,49.393711,5.8260703,0,1.0724852,1.7751479,0.073964491,0,0,0.33284023,7.2485209,50.6287,2.3668637,,0.92455626,0.33284023,33.284023,0.036982246,0.10931174,0.033738192,0.16329286,0.012145749,0.000337382
Hali-Ela,Badulla,15,12,87.111115,84.027779,84.027779,0.69444442,15.972224,2851,1172,88.83725,0.2572197,11.162753,84.783844,0.62571102,0.69444442,5.5555553,5.5555553,1.3888888,0,0,25,0,84.027779,34.027779,0,100,0,56.25,0,1.0888889,0.005555556,0,0,0
Haputale,Badulla,7,7,100,100,18.367348,18.367348,81.632652,408,227,5.3571429,26.785715,94.64286,4.7199497,15.481435,0,8.1632652,8.1632652,2.0408163,0,2.0408163,8.1632652,2.0408163,32.653061,18.367348,0,18.367348,0,2.0408163,0,0.73469388,0.020408165,0,0,0
Kandeketiya,Badulla,12,10,44.444443,36,36,9,64,400,119,6.5999999,23.775,93.400002,9.0756302,16.386555,0,8,8,1,0,0,0,1,64,0,,16,0,9,1,1.0083333,0.008333334,0,0,0
Lunugala,Badulla,4,3,100,100,100,0,0,392,107,100,0,0,100,0,0,22.222221,22.222221,11.111111,0,0,0,11.111111,100,11.111111,,44.444443,0,100,0,1.3333334,0,0,0,0
Mahiyanganaya,Badulla,97,27,64.661491,79.012344,85.733879,0,14.26612,2412,696,91.709663,0,8.2903404,91.79438,0,0,2.3319616,2.3319616,0.1371742,0.1371742,0.54869682,6.7215366,1.2345679,30.864199,6.7215366,0,39.643349,1.2345679,44.444443,0,2.5051546,0.013745705,0.01870943,0.001527301,0.000381825
Meegahakiula,Badulla,1,1,100,100,0,100,100,4,1,0,100,100,0,100,0,100,100,0,0,0,0,100,100,0,,0,0,0,0,1,0,0,0,0
Passara,Badulla,2,0,100,,,,,0,0,,,,,,,,,,,,,,,,,,,,,,,,,
Rideemaliyadda,Badulla,170,151,74.771629,74.119553,70.738121,1.9341257,29.261877,5079,2398,77.250305,1.0843246,22.749697,80.002373,0.6437484,0.039471954,0.52629268,0.58330774,0.026314635,0,0.008771545,3.4384458,3.1972282,66.352356,19.104425,0,65.27784,0.004385773,58.001842,0.004385773,0.57035446,0.045033112,0.005609661,0.000155824,3.8956E-05
Soranathota,Badulla,3,2,100,100,25,0,75,13,65,50,0,50,10,0,0,50,50,0,0,0,0,0,100,0,,25,0,25,0,1.5,0,0,0,0
Uvaparanagama,Badulla,43,19,90.914009,80.055405,39.889194,6.9252081,60.110806,3455,911,46.815449,6.8093534,53.184551,44.647297,7.7127509,0,4.1551247,4.1551247,0.2770083,0.2770083,0,6.9252081,0.2770083,22.437672,1.1080332,,22.437672,0,33.518005,0,2.2631578,0,0,0,0
Welimada,Badulla,32,22,82.128906,82.644623,82.644623,0.20661157,17.355375,5716,1376,88.141739,0.13836758,11.858264,88.530655,0.11892178,0,2.8925619,2.8925619,0.41322315,0.20661157,0,20.661156,0.20661157,34.917355,20.661156,0,20.661156,0,20.661156,0,1.3650568,0,0,0.001420455,0
Eravur Pattu,Batticaloa,102,87,54.065742,54.115471,19.077818,1.5986259,80.92218,4044,1631,36.69009,1.0255011,63.30991,35.081787,2.4884248,1.0701545,0.092482492,0.73985994,0.11890607,0.079270706,0.066058926,5.2847142,39.965649,80.380501,3.3822169,0,11.111111,0.84555423,11.111111,0.47562426,0.10829389,0.022086997,0.064908721,0.054541357,0.013635339
Koralai Pattu Central,Batticaloa,1,0,100,,,,,0,0,,,,,,,,,,,,,,,,,,,,,,,,,
Koralai Pattu North,Batticaloa,112,68,22.393177,32.893597,13.516436,1.0596886,86.483566,22483,8790,22.762297,2.1519527,77.237701,24.865322,1.873787,0.021626297,0.08650519,1.384083,0.064878888,0,0,1.0596886,2.1626296,72.75087,0.34602076,0,1.0596886,0.08650519,3.1141868,0.021626297,0.50472689,0.00052521,0.052521009,0.04740021,0.010635504
Koralai Pattu South,Batticaloa,136,95,39.987026,59.047089,17.728531,9.3185596,82.271469,3015,2988,21.925461,13.617876,78.074539,20.305784,12.096104,0.2770083,0.25484765,0.54293633,0.12188366,0.099722996,0.18836565,2.4930747,45.385044,83.867035,1.8725762,0,15.168975,1.5955679,14.360111,0.54293627,0.27863777,0.00123839,0.1003096,0.034133129,0.01741486
Manmunai North,Batticaloa,2,2,100,100,100,0,0,0,117,,,,100,0,0,0,0,50,0,0,0,25,100,0,,25,0,25,0,0,0,0.25,0.25,0
Manmunai Pattu,Batticaloa,6,6,100,100,25,0,75,41,141,50,0,50,50,0,0,5.5555553,8.333333,0,0,0,0,0,100,0,,2.7777777,0,25,0,0.027777778,0.11111111,0.027777778,0.027777778,0.027777778
Manmunai South & Eruvil Pattu,Batticaloa,27,25,79.012344,77.440002,1.4400001,70.559998,98.559998,3655,790,1.6678522,70.049797,98.332146,1.4886076,71.453163,0,3.6800001,3.8399999,0,0,0,0,77.440002,100,0.16,,84.639999,31.360001,92.160004,7.8400002,0.013333333,0.001481482,0.037037037,0.17925926,0.072592594
Manmunai South West,Batticaloa,26,20,78.25444,81,4,16,96,1102,293,6.8239565,23.629765,93.176041,9.2832766,19.385666,0,0,1.25,0.25,0.75,1,4,56.25,64,4,0,25,1,25,2.25,0.49230769,0.017307693,0.069230773,0.001923077,0
Manmunai West,Batticaloa,46,39,91.493385,94.937538,5.3254437,51.545033,94.674561,1534,602,11.628724,35.616619,88.371277,12.765141,32.081097,0,0,0.92044711,0.5259698,0.19723867,0.85470086,3.2215645,63.182121,80.539124,1.0519396,0,9.4674549,0.065746225,9.4674549,0,0.29487181,0.020066891,0.10925307,0.005016723,0
Porativu Pattu,Batticaloa,19,16,100,100,31.640625,19.140625,68.359375,231,160,56.25,0,43.75,56.25,0,0,2.734375,6.25,0,0,0,0.390625,25,76.5625,0.390625,,6.25,0,39.0625,0.390625,0.052631579,0.013157895,0.11842106,0.052631579,0.029605264
Ambalantota,Hambantota,78,55,92.45562,92.859505,64,2.1157026,36,3648,1697,62.105263,3.2535887,37.894737,67.74308,2.2285316,0.82644629,0.72727275,1.1239669,0.29752067,0.099173553,0.13223141,9.5537186,2.677686,58.314053,3.3057852,0,47.735538,19.041323,40.495869,1.6198348,0.30209789,0.028205128,0.14568765,0.005827506,0.0002331
Angunakolapelessa,Hambantota,115,67,100,100,72.376915,1.8044107,27.623081,5002,1164,74.376518,1.6569492,25.62348,75.280815,1.4886905,15.059032,0.2895968,0.60147023,0.11138338,0.15593673,0.57919359,21.407887,2.6954777,22.811316,27.288929,0,28.870571,1.4257072,53.486301,0.35642681,0.61791044,0.062816352,0.051914338,0.002076574,0
Beliatta,Hambantota,55,40,100,100,72.25,1.5625,27.75,7864,796,84.870293,0.019074263,15.129706,82.223618,0.40829146,9,1.1875,1.9375,0.3125,0,0,12.25,1.5625,42.25,22.5625,0,81,4,30.25,0.0625,0.43681818,0.10227273,0.022272727,0.001818182,0
Hambantota,Hambantota,156,78,60.1619,59.1716,67.324135,1.0519396,32.675869,5109,3905,64.834801,1.5538191,35.165195,75.621658,0.58045238,2.7777777,0.39447734,0.65746224,0.21367522,0.08218278,0.21367522,13.823142,5.3254437,49.720577,6.5746222,0,47.928993,7.2485209,63.182121,0.41091388,0.6220414,0.023750821,0.095003285,0.018491125,0.000739645
Katuwana,Hambantota,29,25,100,100,31.360001,12.96,68.639999,1126,244,41.278866,8.7921848,58.721134,38.327866,10.918033,0,2.72,3.04,0,0,0,10.24,12.96,23.040001,23.040001,0,40.959999,0.16,70.559998,0.16,0.66758621,0.034482758,0.005517241,0,0
Lunugamwehera,Hambantota,175,46,47.80735,71.880905,83.364838,0.047258977,16.635164,3614,1125,85.367294,0.14135849,14.632706,88.463768,0.067632854,12.098298,0.42533082,0.85066164,0.56710774,0.14177693,0.37807181,9.2627602,0.42533082,61.247639,1.1814744,0,45.415878,0.42533082,51.465027,0.18903591,2.6118014,0.00310559,0.040248446,0.001987578,0.001118012
Okewela,Hambantota,30,19,100,100,80.055405,1.1080332,19.944597,13480,784,87.402786,0.2436358,12.597218,80.686089,1.0338346,6.9252081,3.6011081,4.9861493,0,0.2770083,0,9.9722986,0.2770083,17.728531,13.573407,0,100,9.9722986,89.750687,0,0.50701755,0.14210527,0.028070176,0,0
Sooriyawewa,Hambantota,133,41,92.622536,90.48185,68.768585,0.95181441,31.231413,4797,1051,80.057152,0.087453038,19.94285,79.297302,0.12067486,0.059488401,0.65437239,1.2492564,0.65437239,0,0.1784652,4.8185606,2.9149318,64.782867,3.8072577,0,46.638908,0.95181441,72.873291,0,1.8707134,0.02640748,0.046946634,0.001650468,0.000183385
Tangalle,Hambantota,193,126,98.966415,98.418999,86.224487,0.10078105,13.775514,6852,22234,91.244476,0.017142488,8.7555227,92.656677,0.003997881,3.0486269,0.20156211,0.27714789,0.18896447,0.081884608,0.1196775,6.0531621,0.90702945,32.653061,17.693373,0,31.752329,1.2345679,33.566391,0.006298816,0.82918,0.05037421,0.00592154,0.000657949,0
Thissamaharama,Hambantota,242,41,2.4656787,21.475313,77.09697,0.2379536,22.903034,3783,977,68.006424,1.0586513,31.993578,76.391144,0.5741818,37.180248,0.53539562,1.4277216,0.1784652,0.41641882,0.3569304,3.8072577,2.1415825,40.214157,11.659727,0,57.168354,4.8185606,46.638908,0.059488401,4.1943159,0.000907075,0.053315863,0.010078614,0.000403145
Walasmulla,Hambantota,55,49,96.39669,95.960014,73.469391,1.4993752,26.530611,3372,1074,79.38485,0.90420508,20.615147,73.024742,1.8127922,40.02499,1.1245314,1.7492712,0.12494794,0.083298624,0,9.3710957,3.3735945,37.484383,7.038734,0,77.009583,13.494378,57.017906,0.041649312,0.33395177,0.14842302,0.009276439,0,0
Weeraketiya,Hambantota,118,77,98.312263,97.419464,80.300217,1.07944,19.699781,6705,1037,87.405212,0.25567272,12.59479,86.24028,0.3907375,23.089897,0.60718501,0.99510878,0.067465,0.1011975,0.067465,8.1632652,4.8743467,43.869118,10.541407,0,77.989548,1.686625,69.08416,0.42165625,0.70438039,0.080233328,0.011005944,0.000110059,0
Vadamaradchchi East,Jaffna,29,1,47.562424,0,0,100,100,0,0,,,,,,0,0,100,0,0,0,0,100,100,0,,0,0,0,0,29,0,0,0,0
Ganga Ihala Korale,Kandy,5,0,100,,,,,0,0,,,,,,,,,,,,,,,,,,,,,,,,,
Harispattuwa,Kandy,1,1,100,100,0,0,100,0,20,,,,0,0,0,0,0,0,100,0,0,0,100,0,,0,0,0,0,1,0,0,0,0
Kundasale,Kandy,4,4,100,100,25,25,75,136,196,9.5588236,40.441177,90.441177,30.102041,19.897959,0,0,12.5,6.25,0,6.25,6.25,0,56.25,6.25,,56.25,6.25,100,0,0.25,0.25,0,0,0
Medadumbara,Kandy,10,1,64,100,100,0,0,0,17,,,,100,0,0,0,100,0,0,0,100,100,100,100,0,100,0,100,0,10,0,0,0,0
Minipe,Kandy,15,10,75.111107,64,81,0,19,1179,779,90,0,10,90,0,0,5,8,1,1,0,16,0,81,1,0,81,1,25,1,0.53999996,0.10666667,0.026666667,0,0
Pasbagekorale,Kandy,2,1,100,100,0,100,100,0,0,,,,,,0,0,0,100,0,0,0,100,100,100,,0,0,0,0,2,0,0,0,0
Pathadumbara,Kandy,1,1,100,100,0,100,100,0,0,,,,,,0,0,100,0,0,0,0,100,100,0,,0,0,0,0,1,0,0,0,0
Pathahewaheta,Kandy,9,6,100,100,69.444443,2.7777777,30.555553,0,1193,,,,69.362953,2.7940767,0,2.7777777,2.7777777,11.111111,2.7777777,0,25,0,100,69.444443,0,100,0,69.444443,2.7777777,1.5,0,0,0,0
Tumpane,Kandy,2,2,100,100,0,0,100,0,3,,,,0,0,0,50,50,0,0,0,0,0,25,0,,25,0,25,0,1,0,0,0,0
Udapalatha,Kandy,3,2,44.444443,100,100,0,0,0,167,,,,100,0,0,50,50,0,0,0,0,25,100,25,,25,0,25,0,1.5,0,0,0,0
Ududumbara,Kandy,10,9,64,60.493828,79.012344,1.2345679,20.987658,231,138,88.888885,0,11.111111,88.888885,0,1.2345679,8.6419754,8.6419754,1.2345679,0,0,1.2345679,1.2345679,60.493828,1.2345679,,60.493828,0,30.864199,0,0.54444444,0.011111111,0.044444446,0,0
Udunuwara,Kandy,15,15,100,100,36,1.7777778,64,817,502,58.898411,0.24479803,41.101589,58.207172,0.39840639,0,4.8888888,5.333333,1.3333333,0,0,4,11.111111,53.777779,11.111111,0,53.777779,1.7777778,64,0,0.63999999,0.039999999,0,0,0
Yatinuwara,Kandy,12,11,100,100,52.892563,7.4380169,47.107437,140,449,72.727272,0,27.272728,70.29763,0.91111559,0,4.1322312,6.6115704,0.82644629,0.82644629,0,0.82644629,3.3057852,40.495869,13.223141,0,82.644623,3.3057852,29.752068,0,1.0909091,0,0,0,0
Kandavalai,Kilinochchi,70,53,97.163261,96.262009,3.5599856,36.454254,96.440018,2740,992,8.5800858,31.378597,91.419914,4.1083384,37.248936,0,0,0.17799929,0.71199715,0.21359915,0.74759698,2.2783909,32.039871,85.475258,0.14239943,0,1.744393,0.14239943,0.32039872,0.035599858,0.57035041,0.004312669,0.017250674,0.013207547,0.006738544
Karachchi,Kilinochchi,102,83,56.987698,65.16185,23.225431,7.0256929,76.774567,12104,6826,25.517803,9.830266,74.482201,29.483301,4.8072748,0.52257222,0.014515895,0.39192918,0.34838149,0.11612716,0.27580202,2.8451154,12.207868,43.910583,1.1757874,0,0.36289737,0.014515895,0.13064305,0.014515895,0.51452869,0.000472478,0.001889913,0.014292465,0.042641152
Pachchilaipalli,Kilinochchi,197,192,89.144272,88.869904,3.1358509,50.914169,96.864151,2202,2310,6.0877423,34.964188,93.912254,3.5110028,45.25275,0,0.032552082,0.30110675,0.11121961,0.021701388,0.059678815,1.312934,8.2058382,41.710072,0.53168404,0,0.002712674,0.002712674,0.002712674,0,0.23860511,0.010575295,0.0165239,0.010575295,0.036193948
Poonakary,Kilinochchi,285,260,48.754696,49.53994,18.889053,6.0591717,81.110947,4485,2998,0.96904206,7.3214989,99.03096,1.8990866,12.225586,0.036982246,0.00147929,0.18639053,0.13461539,0.01035503,0.032544378,1,4.4748521,23.859467,2.25,0,0.59171593,0.14792898,1.0784023,0.59171593,0.4180297,0.00048583,0.005951417,0.014696357,0.032402162
Alawwa,Kurunegala,29,26,93.222359,92.45562,53.402363,1.3313609,46.597637,8335,2211,65.966499,0.24364358,34.033504,57.60881,0.83498591,0,2.6627219,2.8106508,0.59171593,0.14792898,0,17.899408,0.59171593,28.994083,7.2485209,0,65.236687,2.3668637,59.1716,0.14792898,0.38328913,0.021220161,0.047745358,0.00132626,0.00132626
Ambanpola,Kurunegala,329,276,84.260124,86.705788,48.393192,1.3442554,51.606808,21530,5747,42.433815,1.2741237,57.566185,44.569187,1.601844,11.599454,0.16278093,0.16934468,0.16803193,0.002625499,0.013127495,5.0462089,1.3491436,57.892254,10.398288,0,37.493435,0.37938461,71.267853,0.032818735,0.11234087,0.077705823,0.12141535,0.011992864,0.000396458
Bamunakotuwa,Kurunegala,94,63,100,100,84.756866,0.40312421,15.243134,6999,2064,85.802277,0.25219023,14.197721,86.532547,0.21225545,0.40312421,1.2849585,1.4109348,0.15117158,0,0,6.8872747,1.0582011,22.626263,36.83078,0,76.215675,0.62988156,55.656334,0,0.42215469,0.074468084,0.074468084,0.000168862,0.000168862
Bingiriya,Kurunegala,276,246,100,100,79.253418,0.27926499,20.746578,20042,5882,75.654297,0.49386129,24.345705,79.595253,0.31984031,8.8059359,0.23464869,0.30570427,0.054531034,0.023134377,0.019829467,5.1537647,0.67907327,44.42696,18.528784,0,67.426796,1.2955251,60.916122,0.059488401,0.10641275,0.12196595,0.096633092,0.003770472,0.000132556
Ehetuwewa,Kurunegala,259,217,87.303413,90.995773,60.653233,1.6649324,39.346767,31281,9613,65.075676,0.91284931,34.924324,61.490753,1.1838807,51.020409,0.14440741,0.18050925,0.19537471,0.016989106,0.040349126,5.8228173,3.4294288,46.948879,9.1839838,0,42.821041,4.8928623,68.805878,0.019112743,0.087183952,0.021795988,0.25621408,0.012027828,0.001138729
Galgamuwa,Kurunegala,350,270,80.486534,85.049385,58.777775,0.85733885,41.222225,26482,7610,61.160789,0.43845296,38.839211,57.293476,0.46357134,25,0.057613168,0.076817557,0.19615911,0.019204389,0.058984909,8.1330585,3.7792895,42.798512,18.441891,0,46.4417,3.0301783,62.820305,0.067215361,0.18159787,0.032010581,0.13038096,0.026455026,9.52381E-05
Ganewatta,Kurunegala,199,165,98.000046,97.590454,82.644623,0.091827363,17.355375,14377,4309,83.985153,0.024871375,16.014849,83.060822,0.021800742,0.71992648,0.26078972,0.35629019,0.14692378,0.033057854,0.058769517,10.247546,0.44893378,45.702663,15.28766,0,51.144169,0.94031227,27.166208,0.003673095,0.17590986,0.095507845,0.10245165,0.00246688,0
Giribawa,Kurunegala,243,190,71.865738,70.030472,67.412743,1.5955679,32.587257,21637,6344,69.598038,1.1080434,30.401964,67.894737,1.0811708,13.573407,0.11357341,0.18836565,0.22437674,0.038781166,0.044321332,3.3614423,12.634569,58.992889,4.318182,0,33.518005,2.1717451,46.096954,0.13573407,0.11860515,0.020814382,0.22094434,0.020814382,0.000779727
Ibbagamuwa,Kurunegala,211,195,97.176613,96.946747,59.1716,0.67324132,40.8284,17021,5161,61.778889,0.4729,38.221111,60.214928,0.43084475,5.8093357,0.45759371,0.47863251,0.010519396,0.007889547,0.002629849,11.51467,0.76790226,33.330677,26.042248,0,56.057858,0.3182117,37.86982,0,0.17559849,0.12599345,0.053688176,0.000874954,2.43043E-05
Kobeigane,Kurunegala,281,196,99.28952,100,81.551956,0.041649312,18.448044,20576,5691,83.380432,0.042351697,16.61957,80.245667,0.073872462,2.3427739,0.16139108,0.22126198,0.25510204,0.007809246,0.002603082,7.0748301,0.43992087,32.072575,17.592884,0,58.569344,0.16659725,70.012497,0.002603082,0.22775802,0.081505552,0.13742828,0.004085264,0
Kotawehera,Kurunegala,429,282,89.124161,91.670441,74.253052,0.15215532,25.746944,22274,17294,74.301208,0.038527254,25.698795,81.755577,0.011728742,79.855141,0.022634678,0.075448923,0.16347267,0.012574821,0.10185605,35.872799,1.7730497,11.606818,55.652306,0,10.185604,0.15215532,6.8859715,0.020119714,0.23329861,0.061135083,0.14621666,0.013225545,3.30639E-05
Kuliyapitiya East,Kurunegala,106,96,100,100,71.191406,1.312934,28.808594,12579,3653,71.060402,1.4018902,28.9396,70.193161,1.5714823,0.69444442,0.7595486,0.80295134,0.09765625,0.021701388,0.09765625,4.7851563,0.27126735,34.027779,13.2921,0,71.191406,0.53168404,64.333771,0,0.14946935,0.10062893,0.09443789,0.001572327,0
Kuliyapitiya West,Kurunegala,100,94,98.010002,97.883659,70.631508,1.1317338,29.36849,13853,3843,73.30442,0.81017858,26.695578,72.626938,0.76679897,0.55454957,0.71299231,0.79221368,0.14712539,0.022634676,0.022634676,7.2271047,2.960222,46.854267,15.660032,0,61.973743,0.28293344,70.631508,0.045269351,0.10893617,0.17021278,0.051489361,0.002659575,0.000106383
Kurunegala,Kurunegala,48,40,100,100,95.0625,0.0625,4.9375,6800,2299,96.410294,0.027941177,3.589704,96.609398,0.022836016,1,2,2,0.25,0,0.125,24.391891,12,33.409092,10.588235,0,72.25,0.0625,42.25,0.0625,0.25208333,0.063020833,0.088020831,0.002083333,0
Maho,Kurunegala,789,686,100,100,61.049393,0.17870954,38.950607,55516,15270,59.35355,0.11102307,40.64645,63.059906,0.099386938,15.376459,0.056099072,0.060773995,0.067998879,0.000637489,0.013174783,5.7463384,0.61301571,43.862541,13.646268,0,45.356102,0.46940476,64.046654,0.030599495,0.10909665,0.078403115,0.12585773,0.009313557,0.000118244
Mallawapitiya,Kurunegala,7,4,100,100,100,0,0,476,106,100,0,0,100,0,0,18.75,18.75,0,6.25,0,6.25,25,56.25,25,,100,0,100,0,0.32142857,0.32142857,0.035714287,0,0
Maspotha,Kurunegala,56,45,100,100,83.012352,0,16.987652,4542,1340,86.417145,0,13.582857,86.759529,0,1.2345679,0.93827164,1.4814816,0.44444448,0,0.04938272,36.571426,0.79999995,21.17647,39.185184,0,50.567905,0.79012352,23.901236,0,0.35714287,0.057142861,0.039682541,0.006349206,0
Mawathagama,Kurunegala,28,26,100,100,65.236687,2.3668637,34.763309,2732,811,73.23037,1.3909224,26.769627,68.320213,2.3333018,0.59171593,3.2544377,3.4023669,0.44378698,0,0,28.994083,0.14792898,53.402363,9.4674549,0,92.45562,0.59171593,78.25444,0.14792898,0.11126374,0.35164836,0.012362638,0,0
Narammala,Kurunegala,29,25,100,100,84.639999,0.63999999,15.36,7019,1527,88.841141,0.274683,11.158857,89.650299,0.2043222,0,2.0799999,2.24,0.95999998,0.31999999,0,26.181818,2.1176472,21.052631,37.555557,0,46.240002,5.7600002,19.360001,0,0.44689658,0.005517241,0.049655173,0.005517241,0.00137931
Nikaweratiya,Kurunegala,393,273,97.471657,96.370537,72.218864,0.2629849,27.781136,19354,6041,69.328087,0.24960056,30.671913,68.269508,0.20373601,14.7929,0.042936306,0.092581414,0.21065626,0.004025279,0.045619827,4.2077584,2.6265092,42.51231,17.810009,0,37.420334,0.90702945,56.938911,0.005367038,0.3019881,0.059651971,0.12541826,0.001575185,0.00014913
Panduwasnuwara East,Kurunegala,201,180,99.007446,98.891975,87.111115,0.077160493,12.888886,19262,4889,87.848267,0.025957845,12.151731,85.83078,0.026703939,6.5308642,0.25617287,0.28703704,0.21296297,0.01234568,0.033950619,21.262346,0.027777778,21.262346,39.410496,0,75.111107,1.4938272,75.111107,0.027777778,0.086677723,0.099502489,0.17249861,0.000442233,0.000110558
Panduwasnuwara West,Kurunegala,416,316,100,100,73.005127,0.22532445,26.994871,25934,7164,71.177277,0.15338351,28.822727,70.200691,0.24847338,17.449127,0.12017304,0.14621054,0.13719757,0.002002884,0.02403461,12.155917,0.20008168,23.7502,22.821323,0,60.111561,1.5231934,60.111561,0.049070664,0.14070107,0.08547347,0.16888541,0.003354735,0.000121714
Pannala,Kurunegala,27,14,100,100,51.020409,2.0408163,48.979591,3040,959,50.93985,1.4332707,49.06015,51.541786,1.713094,0,5.6122446,6.1224489,0.51020408,0,0.51020408,32.653061,0.64935064,8.1632652,51.020409,0,100,0.51020408,73.469391,0,0.95502645,0.042328045,0.042328045,0,0
Polgahawela,Kurunegala,17,9,100,100,60.493828,1.2345679,39.506172,1533,571,73.160835,0.4276292,26.839169,69.877411,0.89511573,0,6.1728392,6.1728392,2.4691358,0,0,22.222221,14.285714,34.722221,12.5,0,79.012344,0,30.864199,0,1.1045752,0.026143791,0.026143791,0,0
Polpitigama,Kurunegala,531,485,96.26899,95.9188,78.971626,0.38261238,21.028376,46266,13272,81.154121,0.27741864,18.845879,80.998474,0.29594898,23.677755,0.10798172,0.11265809,0.080348603,0.003400999,0.004251249,7.1268868,0.41979733,43.894661,12.950729,0,56.327343,3.1442235,61.711552,0.083324477,0.072879411,0.059704505,0.17123885,0.010907255,0.000190265
Rasnayakapura,Kurunegala,222,180,97.315559,96.69445,40.111111,0.077160493,59.888889,16920,5446,42.420605,0.040878642,57.579395,44.179829,0.018872159,38.027779,0.17592594,0.25925928,0.22222224,0.009259259,0.02777778,5.188272,1.1141975,49.780865,5.188272,0,40.111111,1.2345679,35.336418,0.027777778,0.14454454,0.06509009,0.13335836,0.011036037,2.5025E-05
Rideegama,Kurunegala,39,34,100,100,77.854668,0.34602076,22.145332,5775,1515,76.592819,0.37280366,23.407185,78.159576,0.15142691,0.77854669,1.2975779,1.6435986,0.77854669,0.34602076,0,12.456747,0.80213904,32.17469,10.784313,0,88.581314,0.77854669,72.75087,0,0.14781298,0.048265461,0.10859729,0.018853696,0
Udubaddawa,Kurunegala,33,30,100,100,64,0.11111111,36,3700,929,64.691895,0.17837837,35.308105,55.715828,0.35522068,0,2.1111112,2.3333333,0.33333331,0.33333331,0.11111111,16.551723,0.13888888,34.133331,28.444445,0,87.111115,1,69.444443,0,0.22727273,0.049494948,0.10101011,0,0.001010101
Wariyapola,Kurunegala,443,353,100,100,54.667801,0.20544262,45.332199,24820,7581,52.271736,0.20307118,47.728264,52.549294,0.23018631,11.364347,0.097103745,0.11636399,0.095498718,0.003210041,0.049755637,13.399184,0.39409834,30.998343,21.843748,0,54.249691,0.13562423,46.998215,0.007222592,0.15762347,0.092083976,0.11142161,0.005013461,0.00023021
Weerabugedara,Kurunegala,35,31,100,100,75.858475,0.10405827,24.141521,4428,1393,74.744301,0.042253111,25.255701,73.403885,0.023157259,0,1.4568158,1.6649324,1.0405828,0,0,8.4287205,0.10752688,33.714882,13.010753,0,37.565037,0.10405827,33.714882,0,0.40645161,0.033179723,0.045161288,0.000921659,0
Madhu,Mannar,211,145,0.44024169,0.80380499,10.064209,33.560047,89.935791,1950,3015,23.898851,7.1596818,76.101151,14.32058,22.442272,1.5410227,0.19500595,0.28061831,0.18549347,0.014268728,0.099881098,4.5707493,7.9952435,36,4.5707493,0,2.0975029,0.57550538,1.2175981,0.042806182,0.30122569,3.26851E-05,0.002647491,0.17417878,0.033469521
Mannar Town,Mannar,65,34,93.940834,94.204155,12.456747,12.456747,87.543251,33307,10262,11.55348,7.6804199,88.446518,10.207849,7.1950197,0,0,0.60553634,1.1245675,0.08650519,0.43252593,2.1626296,8.6505184,83.131485,3.1141868,0,3.1141868,0.77854669,2.1626296,0.77854669,1.4701358,0,0,0.011312217,0.004072398
Manthai West,Mannar,256,216,31.202698,28.840879,6.0206618,31.380745,93.97934,4190,2971,12.063555,25.348713,87.936447,15.427528,17.271276,0.034293551,0.047153633,0.21219136,0.105024,0.002143347,0.023576817,4.9382715,5.1461763,39.643349,0.94521606,0,3.7808642,0.1371742,1.2345679,0.034293551,0.592466,0.000651042,0.002188223,0.007233796,0.026114004
Musali,Mannar,98,38,55.487301,58.240997,22.437672,15.581717,77.562325,2298,1144,21.952726,19.066923,78.047272,25.506073,14.078028,0.069252074,0.3462604,0.41551247,0.6925208,0.41551247,0.90027702,8.3795013,39.889194,75.415512,0.62326866,0,15.581717,2.4930747,6.9252081,0.069252074,1.278464,0.000268528,0.038668096,0.006713212,0.032491945
Nanaddan,Mannar,101,28,90.344086,73.469391,4.5918369,51.020409,95.408165,403,845,14.090747,20.91457,85.909256,3.4234996,55.790363,0.51020408,1.5306122,2.1683674,0.6377551,0.12755102,0.38265306,1.1479592,15.433673,46.045918,0.51020408,0,3.1887755,1.1479592,1.1479592,0.51020408,2.2630835,0,0.005657709,0.005657709,0.059759546
Dambulla,Matale,168,143,71.442749,76.409607,57.039463,0.12225537,42.960537,16101,6221,65.256599,0.070577212,34.743401,66.29789,0.033160858,8.2204514,0.28852266,0.31786397,0.15648687,0.078243434,0.078243434,6.6947041,1.251895,48.902145,3.0563841,0,70.41909,9.4674549,73.984055,0.17604773,0.12591575,0.004162504,0.16000666,0.035006661,0.005994006
Galewela,Matale,111,101,94.667641,96.078812,90.344086,0.009802961,9.6559143,21255,4034,93.851044,0.007686019,6.1489549,93.517967,0.009817542,20.743065,0.71561611,0.85285759,0.10783257,0.009802961,0,14.910303,0.62738949,56.621902,3.9211843,0,74.198608,18.978533,82.97226,0.35290658,0.051378112,0.012844528,0.19703862,0.055748817,0.000802783
Laggala,Matale,30,23,5.4444447,9.2627602,100,0,0,533,385,100,0,0,100,0,6.8052931,3.2136104,3.4026465,0.94517958,0,0,4.7258978,1.7013233,27.221172,9.2627602,0,83.364838,9.2627602,83.364838,0,0.70144928,0.001449275,0.071014486,0,0
Naula,Matale,25,20,57.759998,72.25,81,1,19,4349,1270,68.374344,2.4028513,31.62566,68.031494,2.4409449,6.25,2.25,3,0.5,1,0.25,9,9,56.25,4,0,90.25,1,90.25,1,0.162,0.050000001,0.2,0.002,0
Pallepola,Matale,3,0,100,,,,,0,0,,,,,,,,,,,,,,,,,,,,,,,,,
Rattota,Matale,1,0,100,,,,,0,0,,,,,,,,,,,,,,,,,,,,,,,,,
Wilgamuwa,Matale,60,43,46.694447,74.040016,82.260681,0.21633315,17.739315,8987,3429,89.890305,0.01500876,10.109694,81.572365,0.45440057,0.8653326,1.0816658,1.2439156,0.48674959,0,0.37858301,7.7879934,3.4613304,66.252029,6.5440779,0,62.520283,3.4613304,58.896702,0.8653326,0.3724806,0.00620155,0.065503873,0.03875969,0.001550388
Badalkumbura,Monaragala,12,7,34.027779,51.020409,100,0,0,432,358,100,0,0,100,0,0,8.1632652,10.204082,4.0816326,0,0,8.1632652,8.1632652,32.653061,51.020409,0,73.469391,2.0408163,100,0,0.29761904,0.011904762,0.29761904,0.011904762,0
Bibile,Monaragala,89,69,23.343012,31.947071,80.739342,0.75614363,19.26066,6087,1176,88.393654,0.14142756,11.606348,87.410034,0.23661639,0.084015965,1.0291955,1.2392355,0.021003991,0.021003991,0.021003991,6.8052931,2.100399,37.051041,12.098298,0,68.241966,0.084015965,59.00021,0,0.39097866,0.02344895,0.031916626,0.02344895,0.00065136
Buttala,Monaragala,217,69,18.367348,83.364838,78.155853,0.18903591,21.844149,7463,2346,73.254921,0.4247039,26.745081,72.01342,0.48185626,3.0245745,1.0291955,1.3232515,0.042007983,0,0,6.0701537,4.7258978,31.947071,11.111111,0,65.868515,6.0701537,59.00021,0,1.7097441,0.008081214,0.048687637,0.017097441,0.000601082
Katharagama,Monaragala,208,21,1.0193232,32.653061,81.859406,0.22675736,18.140591,8310,1277,90.247551,0.012033693,9.7524509,90.192787,0.014915911,2.0408163,1.8140589,2.4943311,0.90702945,0.22675736,0,14.512471,3.6281178,18.367348,22.675737,0,44.444443,32.653061,65.532875,0,8.3518772,0,0.00206044,0.018543957,0.005723443
Madulla,Monaragala,97,80,78.605591,83.265625,66.015625,0.5625,33.984375,1708,1047,67.644905,0.33372366,32.355091,72.636101,0.17908311,0,0.859375,0.984375,0.015625,0,0,2.640625,1.890625,54.390625,5.0625,0,37.515625,0,42.25,0,0.64961338,0.021778349,0.006314433,0.003221649,0.000128866
Medagama,Monaragala,47,0,72.430962,,,,,0,0,,,,,,,,,,,,,,,,,,,,,,,,,
Monaragala,Monaragala,35,14,78.448975,73.469391,32.653061,12.755102,67.346939,433,415,34.708015,14.021775,65.291985,44.888123,7.6592083,0,3.0612245,5.1020408,0.51020408,0,0.51020408,2.0408163,12.755102,18.367348,25,,41.32653,2.0408163,25,0.51020408,1.2755102,0.008163266,0.032653064,0.032653064,0
Sevanagala,Monaragala,61,45,100,100,60.493828,1.2345679,39.506172,3349,1344,65.747658,1.0815833,34.252346,70.659721,0.66964287,26.123457,0.34567901,1.3333334,0.2469136,0.09876544,0,2.4197531,4,53.777779,4,0,33.382717,0.19753088,47.456787,0,0.19271404,0.07140255,0.07140255,0.029508198,0.000364299
Siyambalanduwa,Monaragala,192,94,73.852539,85.660934,63.660027,0.40742418,36.339973,3109,1577,76.527992,0.17656359,23.472006,70.07312,0.3238036,0.28293344,0.49796286,0.66772294,0.11317338,0.045269351,0.011317338,3.2707107,7.6505208,34.234947,7.0733366,0,33.001358,3.2707107,16.342237,0,1.1810727,0.012466755,0.017952129,0.00554078,0.00049867
Thanamalwila,Monaragala,547,72,13.102548,62.673611,89.197533,0.30864197,10.802471,4677,1822,85.983421,0.49770749,14.016581,89.779236,0.27442372,6.9637346,0.7716049,0.96450615,0.096450612,0.15432099,0.077160493,3.7808642,1.2345679,46.315586,5.5748458,0,26.408178,1.9290124,60.493828,0.019290123,6.2465978,0.01119744,0.003656307,0.004291083,0.000634776
Wellawaya,Monaragala,240,2,19.140625,25,25,25,75,173,410,21.098267,28.901733,78.901733,1.2195122,48.780487,0,25,50,0,0,0,0,25,25,100,0,25,25,100,0,118.00833,0,0.008333334,0,0
Manthai East,Mullaitivu,178,82,2.133569,2.9149318,44.988106,0.72873294,55.011894,2809,938,37.249607,0.28870615,62.750393,43.976547,0.31852931,0,0.96668655,1.0707912,0.044616301,0.0148721,0.0297442,1.7995241,53.539558,90.48185,0.13384891,0,1.2046402,0.53539562,0,0,0.97019732,6.85119E-05,0,0.008289943,0.15134282
Maritimepattu,Mullaitivu,152,90,21.818733,50.567905,16,26.123457,84,3437,2394,12.39453,35.169559,87.605469,21.470343,22.267708,0.01234568,0.20987655,0.80246919,0.11111112,0.037037037,0.11111112,3.1604941,3.5679014,30.864199,0.30864197,0,0.44444445,0.04938272,0,0,1.0006579,0.003581872,0.012353802,0.007309942,0.001827485
Oddusuddan,Mullaitivu,241,133,3.183485,7.3265872,29.306349,13.025043,70.693649,851,1746,46.056385,5.3859677,53.943615,20.122473,15.254631,3.2562609,0.42964554,0.55401659,0.045225848,0.050879076,0.005653231,9.9722986,9.5030813,41.811295,2.2612922,0,3.821584,0.090451695,0.022612924,0,0.89105546,0.000124793,0.005272517,0.029981595,0.02109007
Puthukkudiyiruppu,Mullaitivu,78,52,30.39119,47.928993,11.982248,16.309172,88.017754,1655,2775,0.41831282,35.748314,99.581688,26.257797,4.5114346,0,0.51775146,1.5162722,0.25887573,0.073964491,0.073964491,4.4748521,28.994083,74.889053,1.8121302,0,1.3313609,0,0.59171593,0,0.59196252,0.079881661,0.012080869,0.000986193,0.000986193
Thunukkai,Mullaitivu,64,30,15.258789,28.444445,64,1,36,28,205,80,0,20,69.853653,0,0.11111111,1.2222222,2.2222221,0,0,0.22222222,9,0.44444445,44.444443,7.1111112,0,11.111111,1,0.44444445,0.44444445,1.1505209,0,0,0.0046875,0.10208333
Welioya,Mullaitivu,23,2,27.221172,100,0,100,100,0,0,,,,,,0,0,25,25,0,0,0,100,100,0,,0,0,0,0,9.586957,0.021739131,0.021739131,0,0
Kothmale,Nuwara Eliya,1,0,100,,,,,0,0,,,,,,,,,,,,,,,,,,,,,,,,,
Dimbulagala,Polonnaruwa,82,53,81.439621,85.475258,100,0,0,15970,5780,100,0,0,100,0,2.8835886,0.249199,0.39159843,0.96119612,0.035599858,0.35599858,3.5599856,2.2783909,59.843361,5.1263795,0,75.3293,22.24991,65.824135,0.32039872,0.38679245,0,0.12172112,0.038886331,0.005752416
Elahera,Polonnaruwa,24,1,14.0625,0,100,0,0,0,0,,,,,,0,0,0,0,0,0,0,0,0,0,,0,0,0,0,24,0,0,0,0
Higurakgoda,Polonnaruwa,126,47,5.6689343,11.588954,100,0,0,4494,1108,100,0,0,100,0,4.5269351,0.22634676,0.40742418,0.86011767,0.090538703,0.18107741,11.588954,1.6296967,21.910366,18.10774,0,49.298328,6.5187869,55.454956,0.72430962,1.3076663,0.00270179,0.037993919,0.020432286,0.010807159
Lankapura,Polonnaruwa,10,4,64,100,100,0,0,58,225,100,0,0,100,0,0,6.25,6.25,6.25,6.25,6.25,56.25,0,100,0,0,100,25,100,0,0.89999998,0.025,0,0.1,0.025
Medirigiriya,Polonnaruwa,178,47,11.362203,38.071526,100,0,0,4657,1680,100,0,0,100,0,2.2181983,0.63377094,1.2222725,0.5432322,0.090538703,0.13580805,35.491173,1.6296967,21.910366,28.293346,0,72.430962,18.10774,68.854683,0.18107741,2.2434855,0.002988286,0.00585704,0.063232131,0.004303132
Thamankaduwa,Polonnaruwa,49,10,12.036652,16,25,9,75,0,43,,,,50,0,0,2,3,1,0,1,9,4,9,1,0,9,1,49,1,3.7734694,0,0.008163266,0.018367348,0.002040817
Welikanda,Polonnaruwa,106,40,64.302246,95.0625,72.25,1,27.75,20646,5274,82.83445,0.2547709,17.16555,82.904816,0.24649222,0.0625,0.125,0.5,0.625,0.0625,0.8125,9,5.0625,60.0625,7.5625,0,49,12.25,60.0625,0.25,1.3622642,0,0.028537737,0.068160377,0.000943396
Anamaduwa,Puttalam,468,424,81.307983,82.449829,78.222343,0.43609825,21.777655,48963,15216,82.599915,0.13244502,17.400087,80.695297,0.17577079,9.4005871,0.037824847,0.053956032,0.071755961,0.023918655,0.074537203,9.0571651,1.5707779,49.360409,14.290622,0,45.181225,1.2287513,44.23505,0.045056071,0.060978066,0.063215613,0.18001632,0.014155983,8.06322E-05
Arachchikattuwa,Puttalam,56,48,86.224487,84.027779,56.25,4.3402777,43.75,6831,2190,67.336411,1.9152882,32.663593,66.986305,2.0357685,9.765625,0.5642361,1.1284722,0.65104163,0.043402776,0.13020833,34.027779,1.0850694,36.501736,21.453899,0,66.015625,11.111111,56.25,0.390625,0.062872022,0.003348214,0.053571429,0.053571429,0.095238097
Chilaw,Puttalam,23,22,100,100,34.917355,13.223141,65.082642,4115,998,44.573071,7.5908537,55.426929,45.591183,6.9229369,0.20661157,0.61983472,1.446281,1.2396694,0.82644629,0.82644629,7.4380169,7.4380169,66.942154,7.4380169,0,46.487602,7.4380169,74.586777,3.3057852,0.007905139,0.001976285,0.07114625,0.16007905,0.049407117
Dankotuwa,Puttalam,19,8,100,100,100,0,0,780,220,100,0,0,100,0,1.5625,4.6875,4.6875,0,4.6875,3.125,6.25,0,56.25,6.25,,76.5625,6.25,56.25,1.5625,1.4802631,0.02631579,0.006578947,0.006578947,0
Kalpitiya,Puttalam,2,1,100,100,100,0,0,0,0,,,,,,0,0,0,0,0,0,0,100,100,0,,0,0,0,0,0.5,0,0.5,0,0
Karuwalagaswewa,Puttalam,269,225,32.3503,38.16494,68.337776,0.95604938,31.662224,27287,8898,73.129723,0.18489879,26.870279,74.806923,0.073624536,16.357531,0.075061731,0.10074074,0.15209876,0.011851852,0.077037036,9.4044447,5.1377778,46.84642,12.96,0,49.937775,11.711605,56.416794,0.28444445,0.05558034,0.017992564,0.19271375,0.053680297,0.002792235
Madampe,Puttalam,24,22,84.027779,82.644623,82.644623,0.20661157,17.355375,13200,3496,90.165291,0.004476584,9.834713,90.050964,0.005200749,20.661156,2.2727273,2.6859503,0.82644629,0,0.41322315,10.123967,0,29.752068,16.735538,0,66.942154,7.4380169,74.586777,1.8595042,0.047348484,0.047348484,0.06818182,0.030303031,0.030303031
Mahakumbukkadawala,Puttalam,191,141,84.909958,88.974396,78.592628,0.18107741,21.407375,21064,6441,80.84951,0.091918446,19.150488,83.394722,0.042942982,33.821236,0.020119714,0.035209496,0.17604749,0.10059857,0.36718476,8.0478849,0.40742418,33.001358,29.822443,0,59.760574,6.1616616,86.318596,0.080478854,0.17169803,0.014852772,0.11644574,0.056477666,0.002376444
Mahawewa,Puttalam,15,13,100,100,85.2071,0.59171593,14.792898,3234,1016,89.853004,0.20455734,10.146998,90.490608,0.15142338,0,5.9171596,5.9171596,1.1834319,0.59171593,0,9.4674549,9.4674549,85.2071,14.7929,,85.2071,21.301775,85.2071,0.59171593,0.32820514,0.046153847,0.020512821,0.005128205,0.005128205
Mundel,Puttalam,42,25,100,100,51.84,2.5599999,48.16,8634,1966,65.712296,0.4484596,34.287701,64.895218,0.44760936,0.16,0.31999999,0.31999999,1.6,0.16,1.4400001,8.166667,6,80.666664,4.1666665,0,23.040001,4,51.84,2.5599999,0.50380951,0.000952381,0.046666667,0.046666667,0.015238095
Nattandiya,Puttalam,12,11,100,100,52.892563,7.4380169,47.107437,762,358,72.727272,0,27.272728,72.727272,0,7.4380169,4.1322312,4.1322312,0,1.6528926,0,29.752068,0,52.892563,3.3057852,0,29.752068,0.82644629,52.892563,3.3057852,0.12121212,0.007575758,0.18939394,0.030303031,0
Nawagattegama,Puttalam,182,136,33.284023,46.761463,70.26384,0.77854669,29.736156,12506,3807,61.738251,0.61452854,38.261749,64.205254,0.47744864,4.5469294,0.10813148,0.19463667,0.30276817,0.10272491,0.070285469,4.8659167,2.4380805,70.26384,10.467128,0,49.826988,1.0596886,57.358345,0.19463667,0.1359082,0.011675824,0.26506948,0.019553976,0.000646412
Pallama,Puttalam,110,90,100,100,55.41975,0.60493827,44.58025,16681,5486,55.629162,0.36788362,44.370838,56.857861,0.34876654,4,0.02469136,0.1234568,0.39506176,0.061728399,0.50617284,19.753086,1,37.34568,18.777777,0,58.777775,1.2345679,79.012344,0,0.084949501,0.048888888,0.16161616,0.014545456,0.004949495
Puttalam,Puttalam,44,25,78.564049,77.440002,51.84,1.4400001,48.16,5782,2300,45.401592,0.060186788,54.598408,47.551304,0.078260869,5.7600002,0,0.31999999,0.80000001,0,1.6,19.360001,2.5599999,23.040001,16,0,51.84,10.24,46.240002,1.4400001,0.48090911,0.008181818,0.032727271,0.073636368,0.008181818
Vanathavilluwa,Puttalam,54,36,35.116596,74.151237,37.34568,3.7808642,62.65432,3924,1448,39.058784,3.721401,60.941216,33.509823,4.2971148,2.7777777,0,0.38580245,1.3117284,0,0.54012346,40.817902,3.7808642,37.34568,22.299383,0,34.027779,4.9382715,69.444443,0,0.22685185,0.012860083,0.086934157,0.086934157,0.002057613
Wennappuwa,Puttalam,11,10,100,100,9,25,91,428,196,5.7476635,38.901871,94.252335,5.9693875,39.030613,0,2,2,0,3,0,25,4,81,4,0,36,0,64,1,0.58181816,0.036363635,0.009090909,0,0
Embilipitiya,Ratnapura,4,2,100,100,25,25,75,371,63,50,0,50,50,0,0,0,0,0,0,0,0,25,25,25,,25,0,100,0,0.5,0,0.5,0,0
Gomarankadawala,Trincomalee,221,61,9.1910486,21.069605,45.176025,3.2518141,54.823975,3327,2089,56.485683,2.8780913,43.514317,53.571011,2.6328387,49.690945,0.94060731,1.1287287,0.29561946,0.026874496,0.080623485,4.54179,0.67186236,56.866432,1.7199677,0,52.029026,0.10749798,47.406612,7.7667294,2.4033825,0.001186856,0.008975595,0.035902381,0.001186856
Kantale,Trincomalee,102,21,5.0845828,58.049885,73.469391,0.90702945,26.530611,3515,1950,84.665718,0.11650749,15.334281,79.56044,0.6837607,3.6281178,2.4943311,2.9478457,1.3605442,0,0.45351472,22.675737,0.90702945,58.049885,3.6281178,0,73.469391,0,90.70295,11.111111,3.1391222,0.000466853,0.001867414,0.046685342,0.022875817
Kinniya,Trincomalee,22,12,52.892563,84.027779,25,6.25,75,4386,1329,47.321022,1.3394893,52.678978,45.447704,0.84650111,0,4.1666665,4.1666665,1.3888888,0,0.69444442,17.361111,25,100,0,0,2.7777777,0.69444442,2.7777777,0.69444442,0.74242419,0,0.003787879,0.060606062,0.03409091
Kuchchaweli,Trincomalee,191,77,22.699488,37.257545,25.653566,18.367348,74.346436,2358,3058,24.959518,17.3755,75.040482,24.413715,19.018032,1.686625,0.42165625,0.94451004,0.18552876,0.01686625,0.084331252,6.0887165,29.752068,69.08416,1.686625,0,34.15416,0.15179625,38.85984,1.3661662,0.99551231,0.001087917,0.027197933,0.06534303,0.015298837
Morawewa,Trincomalee,103,38,25.487793,54.293629,58.240997,4.4321327,41.759003,1193,1103,54.246262,6.0881457,45.753738,46.426014,5.3824501,5.6094179,1.6620499,1.9390582,0.41551247,0,0.20775624,11.703601,5.6094179,70.914124,0.62326866,0,39.889194,0.069252074,46.814404,11.703601,1.6762903,0.00408789,0.009197751,0.016351558,0.00408789
Muthur,Trincomalee,103,79,64.935432,76.285851,71.927574,0.14420766,28.072424,807,1813,84.810127,0,15.189874,79.243439,0.24925467,10.014421,1.1216151,1.1857074,0.04806922,0,0,3.1405225,12.56209,52.058968,0.57683063,0,26.934786,2.7078993,35.39497,11.68082,0.38540003,0.000122895,0.031461228,0.070787758,0.004424235
Padavi Sri Pura,Trincomalee,35,21,36,32.653061,51.020409,0.22675736,48.979591,205,94,57.491291,0.92915219,42.508709,41.033436,2.0263424,73.469391,0.90702945,1.3605442,3.4013605,0,0,2.0408163,0.22675736,81.859406,0.90702945,0,44.444443,0.90702945,73.469391,5.6689343,0.3931973,0,0.048979595,0.16462585,0.001360544
Seruvila,Trincomalee,23,7,15.31191,8.1632652,8.1632652,8.1632652,91.836739,117,208,17.094017,0,82.905983,9.6153851,12.774726,0,2.0408163,6.1224489,2.0408163,0,0,0,8.1632652,73.469391,0,,32.653061,18.367348,32.653061,18.367348,2.2422359,0,0.00621118,0.00621118,0.024844721
Thambalagamuwa,Trincomalee,65,9,6.0591717,44.444443,44.444443,1.2345679,55.555557,236,317,66.666664,0,33.333332,54.889587,1.9628462,0,2.4691358,4.9382715,0,0,4.9382715,30.864199,11.111111,44.444443,1.2345679,0,44.444443,0,30.864199,1.2345679,5.9504271,0.001709402,0.027350428,0.001709402,0
Town & Gravets,Trincomalee,30,15,64,44.444443,64,4,36,597,914,67.403687,3.1490788,32.596313,53.391685,6.6520791,0.44444445,3.5555556,4.4444442,1.3333333,0,0.8888889,28.444445,7.1111112,87.111115,0.44444445,0,44.444443,4,36,0.44444445,0.8888889,0,0.02,0.035555556,0.02
Verugal,Trincomalee,14,12,51.020409,56.25,11.111111,2.7777777,88.888893,535,561,29.65732,1.8380061,70.342682,29.649435,1.8419489,0,1.3888888,4.8611107,1.3888888,0,0,6.25,11.111111,100,0.69444442,0,11.111111,2.7777777,6.25,0,0.38095239,0,0.005952381,0.095238097,0.005952381
Vavuniya,Vavuniya,366,241,44.444443,56.405712,26.473373,13.333104,73.526627,4074,9946,24.85471,16.150999,75.145287,34.04459,10.397058,0.006886934,0.10674748,0.22038189,0.12396481,0.006886934,0.029269468,5.7919116,8.9254665,37.712849,0.99171847,0,2.6187568,0.29097295,0.55784166,0.084364943,0.42668301,0.000408136,0.004534839,0.091830492,0.035553139
Vavuniya North,Vavuniya,293,180,3.3966618,7.1111112,31.484568,5.9753089,68.515434,4227,5063,46.367661,2.7411089,53.632339,29.003115,5.1901598,3.3611112,0.095679015,0.27160496,0.1234568,0.00617284,0.0154321,9.6790123,4.9382715,21.262346,6.8179011,0,5.9753089,0.15123457,2.9660492,0.19753088,0.50377321,7.58438E-05,0.002730376,0.057356846,0.07055366
Vavuniya South,Vavuniya,97,72,46.296101,52.160492,58.352619,1.9290124,41.647381,5262,1783,72.222488,0.47510451,27.777515,70.904999,0.53748363,3.2600307,0.73302466,0.90663576,0.36651233,0.019290123,0.019290123,9.3364201,23.630402,29.340279,11.111111,0,48.225307,29.340279,42.611885,0.94521606,0.16552119,0,0.057273772,0.12886597,0.024198167
Vengalacheddikulam,Vavuniya,217,104,19.981312,37.86982,20.423447,12.657175,79.576553,560,1481.3101,33.329327,2.3506181,66.67067,27.182928,6.6842275,0.083210059,0.12943786,0.55473369,0.21264793,0,0.027736686,4.0772929,11.982248,19.56361,1.118713,0,0.92455626,0.083210059,0.45303255,0.009245561,0.7488479,0.003589153,0.029953917,0.048254162,0.0159961
